브랜드,제품명,중량(g),가격(원),구성수량,개당가격(원),열량(kcal),나트륨(mg),탄수화물(g),당류(g),지방(g),단백질(g),용기 크기(소컵/큰컵),국물형/볶음형,출처 URL
농심,라뽁구리큰사발면,105,1870,1,1870,,,,,,,큰컵,국물형,https://nongshimmall.com/product/detail.html?product_no=4541
농심,라뽁구리큰사발면,105,25300,16,1581,,,,,,,큰컵,국물형,https://nongshimmall.com/product/detail.html?product_no=4540
농심,신라면로제큰사발면,108,1870,1,1870,,,,,,,큰컵,볶음형,https://nongshimmall.com/product/detail.html?product_no=4637
농심,육개장큰사발,110,1650,1,1650,,,,,,,큰컵,국물형,https://nongshimmall.com/product/detail.html?product_no=2720
농심,농심라면큰사발면,95,1760,1,1760,,,,,,,큰컵,국물형,https://nongshimmall.com/product/detail.html?product_no=4484
농심,김치사발면,86,6600,6,1100,,,,,,,큰컵,국물형,https://nongshimmall.com/product/detail.html?product_no=2680
농심,육개장사발면,86,6600,6,1100,,,,,,,큰컵,국물형,https://nongshimmall.com/product/detail.html?product_no=2719
농심,육사김사세트(육개장사발면12입+김치사발면12입),,23760,12,1980,,,,,,,큰컵,국물형,https://nongshimmall.com/product/detail.html?product_no=4210
농심,너구리컵,62,7040,6,1173,,,,,,,소컵,,https://nongshimmall.com/product/detail.html?product_no=2682
농심,오징어짬뽕컵,67,1430,1,1430,,,,,,,소컵,국물형,https://nongshimmall.com/product/detail.html?product_no=2715
농심,오징어짬뽕컵,67,32780,30,1093,,,,,,,소컵,국물형,https://nongshimmall.com/product/detail.html?product_no=2508
농심,신라면로제큰사발면,108,24970,16,1561,,,,,,,큰컵,볶음형,https://nongshimmall.com/product/detail.html?product_no=4636
농심,농심라면큰사발면,95,23980,16,1499,,,,,,,큰컵,국물형,https://nongshimmall.com/product/detail.html?product_no=4483
농심,순한너구리컵,63,7040,6,1173,,,,,,,소컵,,https://nongshimmall.com/product/detail.html?product_no=2686
농심,사천백짬뽕사발,75,1760,1,1760,,,,,,,큰컵,국물형,https://nongshimmall.com/product/detail.html?product_no=3792
농심,사천백짬뽕사발,75,23980,16,1499,,,,,,,큰컵,국물형,https://nongshimmall.com/product/detail.html?product_no=3793
농심,신라면컵,65,7040,6,1173,,,,,,,소컵,국물형,https://nongshimmall.com/product/detail.html?product_no=2710
농심,신라면툼바큰사발면,113,1870,1,1870,,,,,,,큰컵,국물형,https://nongshimmall.com/product/detail.html?product_no=4262
농심,육개장큰사발,110,22440,16,1402,,,,,,,큰컵,국물형,https://nongshimmall.com/product/detail.html?product_no=2511
농심,우육탕큰사발,115,1650,1,1650,,,,,,,큰컵,국물형,https://nongshimmall.com/product/detail.html?product_no=2691
농심,신라면툼바큰사발면,113,24970,16,1561,,,,,,,큰컵,국물형,https://nongshimmall.com/product/detail.html?product_no=4263
농심,(농심몰)컵면 4종(신새튀오)24입,,26620,24,1109,,,,,,,소컵,,https://nongshimmall.com/product/detail.html?product_no=4209
농심,신라면블랙사발,101,9460,6,1577,,,,,,,큰컵,국물형,https://nongshimmall.com/product/detail.html?product_no=2707
농심,신라면블랙사발,101,1870,1,1870,,,,,,,큰컵,국물형,https://nongshimmall.com/product/detail.html?product_no=2706
농심,튀김우동컵,62,1430,1,1430,,,,,,,소컵,국물형,https://nongshimmall.com/product/detail.html?product_no=2729
농심,튀김우동컵,62,32780,30,1093,,,,,,,소컵,국물형,https://nongshimmall.com/product/detail.html?product_no=2518
농심,오징어짬뽕큰사발,115,1870,1,1870,,,,,,,큰컵,국물형,https://nongshimmall.com/product/detail.html?product_no=2717
농심,배홍동큰사발면,116,1870,1,1870,,,,,,,큰컵,국물형,https://nongshimmall.com/product/detail.html?product_no=4149
농심,짜파게티더블랙사발,90,1870,1,1870,,,,,,,큰컵,볶음형,https://nongshimmall.com/product/detail.html?product_no=4290
농심,짜파게티더블랙사발,90,24970,16,1561,,,,,,,큰컵,볶음형,https://nongshimmall.com/product/detail.html?product_no=4289
농심,카구리큰사발면,103,1870,1,1870,,,,,,,큰컵,국물형,https://nongshimmall.com/product/detail.html?product_no=2687
농심,짜파게티범벅,70,1320,1,1320,,,,,,,,볶음형,https://nongshimmall.com/product/detail.html?product_no=2723
농심,짜파게티범벅,70,26950,30,898,,,,,,,,볶음형,https://nongshimmall.com/product/detail.html?product_no=2514
농심,카구리큰사발면,103,24970,16,1561,,,,,,,큰컵,국물형,https://nongshimmall.com/product/detail.html?product_no=2488
농심,너구리컵,62,1430,1,1430,,,,,,,소컵,,https://nongshimmall.com/product/detail.html?product_no=3313
농심,너구리컵,62,32780,30,1093,,,,,,,소컵,,https://nongshimmall.com/product/detail.html?product_no=3310
농심,배홍동큰사발면,116,24970,16,1561,,,,,,,큰컵,국물형,https://nongshimmall.com/product/detail.html?product_no=4150
농심,새우탕큰사발,115,1650,1,1650,,,,,,,큰컵,국물형,https://nongshimmall.com/product/detail.html?product_no=2699
농심,튀김우동큰사발,111,1650,1,1650,,,,,,,큰컵,국물형,https://nongshimmall.com/product/detail.html?product_no=2731
농심,후루룩쌀국수미역국,74,1650,1,1650,,,,,,,,국물형,https://nongshimmall.com/product/detail.html?product_no=3753
농심,후루룩쌀국수미역국,74,17710,12,1476,,,,,,,,국물형,https://nongshimmall.com/product/detail.html?product_no=3754
농심,신라면블랙사발,101,25740,16,1609,,,,,,,큰컵,국물형,https://nongshimmall.com/product/detail.html?product_no=2503
농심,와사비베어 신라면 신컵 세트,,20900,,20900,,,,,,,소컵,국물형,https://nongshimmall.com/product/detail.html?product_no=4721
농심,와사비베어 신툼바 신컵 세트,,20900,,20900,,,,,,,소컵,,https://nongshimmall.com/product/detail.html?product_no=4720
농심,누들핏 새우 완탕,30.8,1870,1,1870,,,,,,,,국물형,https://nongshimmall.com/product/detail.html?product_no=4552
농심,누들핏 쇼유 완탕,30,1870,1,1870,,,,,,,,국물형,https://nongshimmall.com/product/detail.html?product_no=4550
농심,누들핏 새우탕맛,36,1650,1,1650,,,,,,,,국물형,https://nongshimmall.com/product/detail.html?product_no=4508
농심,누들핏 새우탕맛,36,12760,8,1595,,,,,,,,국물형,https://nongshimmall.com/product/detail.html?product_no=4507
농심,생생우동용기,276,7700,4,1925,,,,,,,큰컵,국물형,https://nongshimmall.com/product/detail.html?product_no=4413
농심,누들핏 마라탄탄,41,1650,1,1650,,,,,,,,국물형,https://nongshimmall.com/product/detail.html?product_no=4395
농심,누들핏 마라탄탄,41,12760,8,1595,,,,,,,,국물형,https://nongshimmall.com/product/detail.html?product_no=4394
농심,후루룩쌀국수소고기장국,73,9020,6,1503,,,,,,,,국물형,https://nongshimmall.com/product/detail.html?product_no=4259
농심,후루룩쌀국수소고기장국,73,17710,12,1476,,,,,,,,국물형,https://nongshimmall.com/product/detail.html?product_no=4258
농심,후루룩쌀국수소고기장국,73,1650,1,1650,,,,,,,,국물형,https://nongshimmall.com/product/detail.html?product_no=4257
농심,후루룩쌀국수닭곰탕,73,9020,6,1503,,,,,,,,국물형,https://nongshimmall.com/product/detail.html?product_no=4256
농심,후루룩쌀국수닭곰탕,73,17710,12,1476,,,,,,,,국물형,https://nongshimmall.com/product/detail.html?product_no=4255
농심,후루룩쌀국수닭곰탕,73,1650,1,1650,,,,,,,,국물형,https://nongshimmall.com/product/detail.html?product_no=4254
농심,[정기배송]육개장사발면,,22220,,22220,,,,,,,큰컵,국물형,https://nongshimmall.com/product/detail.html?product_no=4241
농심,[정기배송]김치사발면,,22220,,22220,,,,,,,큰컵,국물형,https://nongshimmall.com/product/detail.html?product_no=4240
농심,누들핏 짜파구리맛,41.5,1650,1,1650,,,,,,,,,https://nongshimmall.com/product/detail.html?product_no=4214
농심,누들핏 짜파구리맛,41.5,12760,8,1595,,,,,,,,,https://nongshimmall.com/product/detail.html?product_no=4213
농심,[정기배송]육사김사세트24입,,21230,24,885,,,,,,,,,https://nongshimmall.com/product/detail.html?product_no=4189
농심,[정기배송]컵면 4종(신새튀오)24입,,23760,24,990,,,,,,,소컵,,https://nongshimmall.com/product/detail.html?product_no=4188
농심,신라면더레드큰사발면,117,24970,16,1561,,,,,,,큰컵,국물형,https://nongshimmall.com/product/detail.html?product_no=4043
농심,신라면더레드큰사발면,117,1870,1,1870,,,,,,,큰컵,국물형,https://nongshimmall.com/product/detail.html?product_no=4042
농심,신라면건면 세트9입,,11440,9,1271,,,,,,,,국물형,https://nongshimmall.com/product/detail.html?product_no=4029
농심,컵면 4종 세트(신라면컵6+튀김우동컵6+새우탕컵6+짜파게티범벅6)24입,,24310,24,1013,,,,,,,소컵,볶음형,https://nongshimmall.com/product/detail.html?product_no=3986
농심,멸치칼국수사발,75,24970,16,1561,,,,,,,큰컵,국물형,https://nongshimmall.com/product/detail.html?product_no=3803
농심,멸치칼국수사발,75,1870,1,1870,,,,,,,큰컵,국물형,https://nongshimmall.com/product/detail.html?product_no=3802
농심,후루룩쌀국수미역국,74,9020,6,1503,,,,,,,,국물형,https://nongshimmall.com/product/detail.html?product_no=3752
농심,튀김우동컵,62,7040,6,1173,,,,,,,소컵,국물형,https://nongshimmall.com/product/detail.html?product_no=2730
농심,앵그리짜파구리큰사발,108,1870,1,1870,,,,,,,큰컵,국물형,https://nongshimmall.com/product/detail.html?product_no=2727
농심,짜파게티큰사발,123,1650,1,1650,,,,,,,큰컵,볶음형,https://nongshimmall.com/product/detail.html?product_no=2725
농심,짜파게티범벅,70,5830,6,972,,,,,,,,볶음형,https://nongshimmall.com/product/detail.html?product_no=2724
농심,사천짜파게티큰사발,115,1870,1,1870,,,,,,,큰컵,볶음형,https://nongshimmall.com/product/detail.html?product_no=2722
농심,육개장사발면,86,1430,1,1430,,,,,,,큰컵,국물형,https://nongshimmall.com/product/detail.html?product_no=2718
농심,오징어짬뽕컵,67,7040,6,1173,,,,,,,소컵,국물형,https://nongshimmall.com/product/detail.html?product_no=2716
농심,안성탕면컵,66,6710,6,1118,,,,,,,소컵,국물형,https://nongshimmall.com/product/detail.html?product_no=2714
농심,신라면큰사발,114,1650,1,1650,,,,,,,큰컵,국물형,https://nongshimmall.com/product/detail.html?product_no=2712
농심,신라면컵,65,1430,1,1430,,,,,,,소컵,국물형,https://nongshimmall.com/product/detail.html?product_no=2711
농심,신라면건면사발,77,1870,1,1870,,,,,,,큰컵,국물형,https://nongshimmall.com/product/detail.html?product_no=2704
농심,신라면건면사발,77,6490,4,1622,,,,,,,큰컵,국물형,https://nongshimmall.com/product/detail.html?product_no=2703
농심,생생우동용기,276,2090,1,2090,,,,,,,큰컵,국물형,https://nongshimmall.com/product/detail.html?product_no=2701
농심,새우탕컵,67,1430,1,1430,,,,,,,소컵,국물형,https://nongshimmall.com/product/detail.html?product_no=2698
농심,새우탕컵,67,7040,6,1173,,,,,,,소컵,국물형,https://nongshimmall.com/product/detail.html?product_no=2697
농심,사리곰탕큰사발,111,1650,1,1650,,,,,,,큰컵,국물형,https://nongshimmall.com/product/detail.html?product_no=2695
농심,사리곰탕컵,61,1430,1,1430,,,,,,,소컵,국물형,https://nongshimmall.com/product/detail.html?product_no=2694
농심,무파마큰사발,112,1870,1,1870,,,,,,,큰컵,국물형,https://nongshimmall.com/product/detail.html?product_no=2692
농심,너구리큰사발,111,1870,1,1870,,,,,,,큰컵,국물형,https://nongshimmall.com/product/detail.html?product_no=2684
농심,김치큰사발,112,1650,1,1650,,,,,,,큰컵,국물형,https://nongshimmall.com/product/detail.html?product_no=2681
농심,김치사발면,86,1430,1,1430,,,,,,,큰컵,국물형,https://nongshimmall.com/product/detail.html?product_no=2679
농심,튀김우동큰사발,111,22440,16,1402,,,,,,,큰컵,국물형,https://nongshimmall.com/product/detail.html?product_no=2519
농심,짜파게티큰사발,123,22440,16,1402,,,,,,,큰컵,볶음형,https://nongshimmall.com/product/detail.html?product_no=2515
농심,육개장사발면,86,25190,24,1050,,,,,,,큰컵,국물형,https://nongshimmall.com/product/detail.html?product_no=2510
농심,오징어짬뽕큰사발,115,25740,16,1609,,,,,,,큰컵,국물형,https://nongshimmall.com/product/detail.html?product_no=2509
농심,신라면큰사발,114,22440,16,1402,,,,,,,큰컵,국물형,https://nongshimmall.com/product/detail.html?product_no=2507
농심,신라면컵,65,32780,30,1093,,,,,,,소컵,국물형,https://nongshimmall.com/product/detail.html?product_no=2505
농심,신라면건면사발,77,24970,16,1561,,,,,,,큰컵,국물형,https://nongshimmall.com/product/detail.html?product_no=2501
농심,생생우동용기,276,23100,12,1925,,,,,,,큰컵,국물형,https://nongshimmall.com/product/detail.html?product_no=2499
농심,새우탕큰사발,115,22440,16,1402,,,,,,,큰컵,국물형,https://nongshimmall.com/product/detail.html?product_no=2498
농심,새우탕컵,67,32780,30,1093,,,,,,,소컵,국물형,https://nongshimmall.com/product/detail.html?product_no=2496
농심,사리곰탕큰사발,111,22440,16,1402,,,,,,,큰컵,국물형,https://nongshimmall.com/product/detail.html?product_no=2495
농심,사리곰탕컵,61,32780,30,1093,,,,,,,소컵,국물형,https://nongshimmall.com/product/detail.html?product_no=2494
농심,무파마큰사발,112,25740,16,1609,,,,,,,큰컵,국물형,https://nongshimmall.com/product/detail.html?product_no=2492
농심,우육탕큰사발,115,22440,16,1402,,,,,,,큰컵,국물형,https://nongshimmall.com/product/detail.html?product_no=2491
농심,김치큰사발,112,22440,16,1402,,,,,,,큰컵,국물형,https://nongshimmall.com/product/detail.html?product_no=2484
농심,김치사발면,86,25190,24,1050,,,,,,,큰컵,국물형,https://nongshimmall.com/product/detail.html?product_no=2483
삼양,큰컵 치즈불닭볶음면,105,46500,16,2906,430,1000,63,5,16,9,큰컵,볶음형,https://www.samyangfoods.co.kr/goods/view?no=100084
삼양,4가지치즈불닭볶음면,145,46500,32,1453,575,1790,87,13,17,18,,볶음형,https://www.samyangfoods.co.kr/goods/view?no=100083
삼양,4가지치즈불닭볶음면,145,24500,16,1531,575,1790,87,13,17,18,,볶음형,https://www.samyangfoods.co.kr/goods/view?no=100082
삼양,짜장불닭볶음면,140,22000,16,1375,,,,,,,,볶음형,https://www.samyangfoods.co.kr/goods/view?no=100079
삼양,삼양라면 골드,120,13600,16,850,,,,,,,,국물형,https://www.samyangfoods.co.kr/goods/view?no=100062
삼양,큰컵 할라피뇨치즈불닭볶음면,105,23000,16,1438,,,,,,,큰컵,볶음형,https://www.samyangfoods.co.kr/goods/view?no=100061
삼양,큰컵 쿠티크 트러플파스타,105,11520,8,1440,380,1350,65,7,9,10,큰컵,볶음형,https://www.samyangfoods.co.kr/goods/view?no=100060
삼양,컵 불닭볶음면,70,14820,12,1235,280,630,42,6,10,6,소컵,볶음형,https://www.samyangfoods.co.kr/goods/view?no=100059
삼양,큰컵 쿠티크 투움바파스타,105,24500,4,6125,,,,,,,큰컵,볶음형,https://www.samyangfoods.co.kr/goods/view?no=100055
삼양,큰컵 쿠티크 매콤물비빔면,113,9900,8,1238,,,,,,,큰컵,볶음형,https://www.samyangfoods.co.kr/goods/view?no=100054
삼양,큰컵 짜장불닭볶음면,105,24000,16,1500,,,,,,,큰컵,볶음형,https://www.samyangfoods.co.kr/goods/view?no=100053
삼양,큰컵 간짬뽕 엑스,115,24000,16,1500,470,1350,73,7,15,11,큰컵,국물형,https://www.samyangfoods.co.kr/goods/view?no=100052
삼양,큰컵 간짬뽕,105,22000,16,1375,415,1000,59,8,16,9,큰컵,국물형,https://www.samyangfoods.co.kr/goods/view?no=100051
삼양,큰컵 4가지치즈불닭볶음면,110,24000,16,1500,445,1550,67,6,15,10,큰컵,볶음형,https://www.samyangfoods.co.kr/goods/view?no=100050
삼양,큰컵 맵탱 흑후추소고기라면,110,23000,16,1438,485,1620,73,3,18,8,큰컵,국물형,https://www.samyangfoods.co.kr/goods/view?no=100047
삼양,큰컵 맵탱 마늘조개라면,110,23000,16,1438,480,1560,73,4,17,8,큰컵,국물형,https://www.samyangfoods.co.kr/goods/view?no=100044
삼양,큰컵 짜짜로니,115,18500,16,1156,455,1030,72,6,12,12,큰컵,,https://www.samyangfoods.co.kr/goods/view?no=100041
삼양,육개장,86,13200,12,1100,,,,,,,,국물형,https://www.samyangfoods.co.kr/goods/view?no=100039
삼양,큰컵 야키소바불닭볶음면,100,24500,16,1531,,,,,,,큰컵,볶음형,https://www.samyangfoods.co.kr/goods/view?no=100038
삼양,큰컵 불닭볶음탕면,120,22500,16,1406,,,,,,,큰컵,볶음형,https://www.samyangfoods.co.kr/goods/view?no=100037
삼양,큰컵 불닭볶음면,105,22400,16,1400,,,,,,,큰컵,볶음형,https://www.samyangfoods.co.kr/goods/view?no=100014
삼양,큰컵 까르보불닭볶음면,105,23800,16,1488,,,,,,,큰컵,볶음형,https://www.samyangfoods.co.kr/goods/view?no=100013
삼양,큰컵 삼양라면,110,19500,16,1219,,,,,,,큰컵,국물형,https://www.samyangfoods.co.kr/goods/view?no=100012
삼양,큰컵 삼양라면 매운맛,110,20400,16,1275,,,,,,,큰컵,국물형,https://www.samyangfoods.co.kr/goods/view?no=100011
삼양,큰컵 나가사끼짬뽕,105,21900,16,1369,,,,,,,큰컵,국물형,https://www.samyangfoods.co.kr/goods/view?no=100010
팔도,아리 모던누들 간장버터 컵,,,,,525,1110,80,11,19,9,소컵,,https://www.paldofood.co.kr/product/noodle/195
팔도,아리 모던누들 후추라볶이 컵,,,,,535,1410,87,21,17,9,소컵,볶음형,https://www.paldofood.co.kr/product/noodle/192
팔도,남자라면컵,,,,,440,1840,67,4,15,9,소컵,국물형,https://www.paldofood.co.kr/product/noodle/175
팔도,아리 모던누들 트러플불고기 컵,,,,,500,1340,79,15,16,10,소컵,,https://www.paldofood.co.kr/product/noodle/190
팔도,아리 모던누들 김볶음면 오리지널 컵,,,,,535,1500,76,10,21,11,소컵,볶음형,https://www.paldofood.co.kr/product/noodle/193
팔도,아리 모던누들 봉골레 컵,,,,,570,1190,70,4,28,9,소컵,,https://www.paldofood.co.kr/product/noodle/189
팔도,아리 모던누들 김볶음면 매운맛 컵,,,,,535,1480,76,11,21,11,소컵,볶음형,https://www.paldofood.co.kr/product/noodle/194
팔도,아리 모던누들 고추장버터 컵,,,,,545,1280,78,14,22,9,소컵,,https://www.paldofood.co.kr/product/noodle/191
팔도,김치 왕뚜껑,,,,,495,1790,72,3,19,9,큰컵,국물형,https://www.paldofood.co.kr/product/noodle/42
팔도,갓뚜껑 김치찌개,,,,,520,1790,73,3,22,8,큰컵,국물형,https://www.paldofood.co.kr/product/noodle/98
팔도,팔도비빔면Ⅱ컵,,,,,455,1170,76,7,13,9,소컵,볶음형,https://www.paldofood.co.kr/product/noodle/150
팔도,mini 곰탕 왕뚜껑,,,,,370,1030,52,1,15,7,큰컵,국물형,https://www.paldofood.co.kr/product/noodle/84
팔도,짜장 왕뚜껑,,,,,485,1010,64,5,21,10,큰컵,볶음형,https://www.paldofood.co.kr/product/noodle/148
팔도,팔도 틈새라면 고기짬뽕 컵,,,,,450,1630,69,5,15,10,소컵,국물형,https://www.paldofood.co.kr/product/noodle/96
팔도,우동 왕뚜껑,,,,,475,1620,63,4,21,9,큰컵,국물형,https://www.paldofood.co.kr/product/noodle/147
팔도,갓뚜껑 대파육개장,,,,,530,1760,75,7,22,8,큰컵,국물형,https://www.paldofood.co.kr/product/noodle/99
팔도,볼케이노 까르보나라 왕컵,,,,,450,1060,71,7,15,8,큰컵,볶음형,https://www.paldofood.co.kr/product/noodle/166
오뚜기,참깨라면 용기 110G,110,1580,,1580,,,,,,,큰컵,국물형,https://www.otokimall.com/front/product/543
오뚜기,진라면 매운맛 용기 110G,110,1380,,1380,,,,,,,큰컵,국물형,https://www.otokimall.com/front/product/546
오뚜기,튀김우동 용기 110G,110,1380,,1380,,,,,,,큰컵,국물형,https://www.otokimall.com/front/product/544
오뚜기,콕콕콕 스파게티 용기 120G,120,1780,,1780,,,,,,,큰컵,볶음형,https://www.otokimall.com/front/product/570
오뚜기,육개장 컵 104G,104,1080,,1080,,,,,,,소컵,국물형,https://www.otokimall.com/front/product/593
오뚜기,진라면 매운맛 컵 65G,65,1080,,1080,,,,,,,소컵,국물형,https://www.otokimall.com/front/product/576
오뚜기,콕콕콕 라면볶이 용기 120G,120,1780,,1780,,,,,,,큰컵,볶음형,https://www.otokimall.com/front/product/571
오뚜기,진라면 순한맛 용기 110G,110,1380,,1380,,,,,,,큰컵,국물형,https://www.otokimall.com/front/product/545
오뚜기,옛날 쌀국수 멸치맛 92G,92,1780,,1780,,,,,,,,국물형,https://www.otokimall.com/front/product/4055
오뚜기,새우탕 용기 110G,110,1380,,1380,,,,,,,큰컵,국물형,https://www.otokimall.com/front/product/541
오뚜기,참깨라면 컵 65G,65,1280,,1280,,,,,,,소컵,국물형,https://www.otokimall.com/front/product/574
오뚜기,유부우동 용기 100G,100,1780,,1780,,,,,,,큰컵,국물형,https://www.otokimall.com/front/product/551
오뚜기,콕콕콕 치즈볶이 용기 95G,95,1780,,1780,,,,,,,큰컵,볶음형,https://www.otokimall.com/front/product/572
오뚜기,진라면 순한맛 컵 65G,65,1080,,1080,,,,,,,소컵,국물형,https://www.otokimall.com/front/product/575
오뚜기,진라면 매운맛/순한맛 컵 (65GX6) (선택),65,6280,6,1047,,,,,,,소컵,국물형,https://www.otokimall.com/front/product/4323
오뚜기,진짬뽕 용기 115G,115,2180,,2180,,,,,,,큰컵,국물형,https://www.otokimall.com/front/product/550
오뚜기,크림진짬뽕 용기 105G,105,2180,,2180,,,,,,,큰컵,국물형,https://www.otokimall.com/front/product/564
오뚜기,스낵면 용기 90G,90,1380,,1380,,,,,,,큰컵,,https://www.otokimall.com/front/product/548
오뚜기,김치면 용기 105G,105,1380,,1380,,,,,,,큰컵,,https://www.otokimall.com/front/product/542
오뚜기,참깨라면볶음면 용기 110G,110,2180,,2180,,,,,,,큰컵,볶음형,https://www.otokimall.com/front/product/2311
오뚜기,옛날 쌀국수 김치맛 92G,92,1780,,1780,,,,,,,,국물형,https://www.otokimall.com/front/product/4056
오뚜기,진라면 순한맛/매운맛 컵라면 골라담기 (선택),,1080,,1080,,,,,,,소컵,국물형,https://www.otokimall.com/front/product/4491
오뚜기,마열라면 용기 105G,105,1580,,1580,,,,,,,큰컵,국물형,https://www.otokimall.com/front/product/2476
오뚜기,오동통면(다시마2) 용기 100G,100,1780,,1780,,,,,,,큰컵,,https://www.otokimall.com/front/product/565
오뚜기,보들보들 치즈볶음면 매운맛 용기 100G,100,1980,,1980,,,,,,,큰컵,볶음형,https://www.otokimall.com/front/product/4377
오뚜기,진비빔면 용기 134G,134,1780,,1780,,,,,,,큰컵,볶음형,https://www.otokimall.com/front/product/3166
오뚜기,순후추라면사골곰탕맛 용기 105G,105,1580,,1580,,,,,,,큰컵,국물형,https://www.otokimall.com/front/product/567
오뚜기,짜슐랭 용기 125G,125,1780,,1780,,,,,,,큰컵,볶음형,https://www.otokimall.com/front/product/3861
오뚜기,진짜장 용기 115G,115,1780,,1780,,,,,,,큰컵,볶음형,https://www.otokimall.com/front/product/549
오뚜기,스낵면 컵 62G,62,1080,,1080,,,,,,,소컵,,https://www.otokimall.com/front/product/578
오뚜기,리얼치즈라면 용기 120G,120,2180,,2180,,,,,,,큰컵,국물형,https://www.otokimall.com/front/product/553
오뚜기,오뚜기카레면 용기 110G,110,2180,,2180,,,,,,,큰컵,국물형,https://www.otokimall.com/front/product/555
오뚜기,부대찌개라면 용기 115G,115,2180,,2180,,,,,,,큰컵,국물형,https://www.otokimall.com/front/product/552
오뚜기,굴진짬뽕 용기 110G,110,2180,,2180,,,,,,,큰컵,국물형,https://www.otokimall.com/front/product/554
오뚜기,유부우동 컵 62G,62,1280,,1280,,,,,,,소컵,국물형,https://www.otokimall.com/front/product/581
오뚜기,쇠고기미역국라면 용기 100G,100,2180,,2180,,,,,,,큰컵,국물형,https://www.otokimall.com/front/product/556
오뚜기,진짬뽕 컵 75G,75,1280,,1280,,,,,,,소컵,국물형,https://www.otokimall.com/front/product/580
오뚜기,순후추라면매운맛 용기 105G,105,1580,,1580,,,,,,,큰컵,국물형,https://www.otokimall.com/front/product/568
오뚜기,쇠고기미역국라면 컵 60G,60,1280,,1280,,,,,,,소컵,국물형,https://www.otokimall.com/front/product/582
오뚜기,육개장 용기 110G,110,1380,,1380,,,,,,,큰컵,국물형,https://www.otokimall.com/front/product/540
오뚜기,더핫 열라면 용기 105G,105,1580,,1580,,,,,,,큰컵,국물형,https://www.otokimall.com/front/product/5052
오뚜기,열튀김우동 100G/열라면 용기 105G/튀김우동 용기 110G (선택),100,1380,,1380,,,,,,,큰컵,국물형,https://www.otokimall.com/front/product/3179
오뚜기,컵라면 용기 열라면/마열라면/열튀김우동/열광라볶이 (선택),,1380,,1380,,,,,,,큰컵,볶음형,https://www.otokimall.com/front/product/4167
오뚜기,콕콕콕 컵라면 4종 골라담기 (선택),,1780,,1780,,,,,,,소컵,국물형,https://www.otokimall.com/front/product/4569
오뚜기,진라면 매운맛 용기 110G 12개,110,16560,12,1380,,,,,,,큰컵,국물형,https://www.otokimall.com/front/product/3196
오뚜기,유부우동 용기/튀김우동 용기/유부우동 컵 (선택),,1280,,1280,,,,,,,큰컵,국물형,https://www.otokimall.com/front/product/3981
오뚜기,마열라면 컵 (62GX6),62,7580,6,1263,,,,,,,소컵,국물형,https://www.otokimall.com/front/product/2738
오뚜기,진라면 순한맛 용기 110G 12개,110,16560,12,1380,,,,,,,큰컵,국물형,https://www.otokimall.com/front/product/3195
오뚜기,더핫 열라면 멀티팩/컵라면 용기 (선택),,1580,,1580,,,,,,,큰컵,국물형,https://www.otokimall.com/front/product/5280
오뚜기,열라면 용기 105G 12개,105,16560,12,1380,,,,,,,큰컵,국물형,https://www.otokimall.com/front/product/3197
오뚜기,보들보들 치즈볶음면 매운맛 용기 100G 12개,100,23760,12,1980,,,,,,,큰컵,볶음형,https://www.otokimall.com/front/product/4839
오뚜기,진비빔면 (156GX4)/진비빔면 용기 134G (선택),156,,4,,,,,,,,큰컵,볶음형,https://www.otokimall.com/front/product/4580
농심,농심 컵라면 6입 6종 (택2) 골라담기,,6120,,6120,,,,,,,소컵,국물형,https://lounge.kurly.com/mykurlytem/3c94e7d4-4a67-4113-81b7-de8a5b6e27ae
