브랜드,제품명,중량_g,판매가격_원,묶음수량,개당가격_원,열량_kcal,나트륨_mg,탄수화물_g,당류_g,지방_g,단백질_g,소컵_큰컵,국물형_볶음형,100g당_가격_원,100g당_열량_kcal,100g당_나트륨_mg,1000원당_중량_g,1000원당_단백질_g,출처_URL
농심,김치사발면,86,1430,1,1430,,,,,,,큰컵,국물형,1662.8,,,60.1,,https://nongshimmall.com/product/detail.html?product_no=2679
농심,육개장사발면,86,1430,1,1430,,,,,,,큰컵,국물형,1662.8,,,60.1,,https://nongshimmall.com/product/detail.html?product_no=2718
농심,너구리컵,62,1430,1,1430,,,,,,,소컵,,2306.5,,,43.4,,https://nongshimmall.com/product/detail.html?product_no=3313
농심,오징어짬뽕컵,67,1430,1,1430,,,,,,,소컵,국물형,2134.3,,,46.9,,https://nongshimmall.com/product/detail.html?product_no=2715
농심,신라면컵,65,1430,1,1430,,,,,,,소컵,국물형,2200.0,,,45.5,,https://nongshimmall.com/product/detail.html?product_no=2711
농심,카구리큰사발면,103,1870,1,1870,,,,,,,큰컵,국물형,1815.5,,,55.1,,https://nongshimmall.com/product/detail.html?product_no=2687
농심,짜파게티범벅,70,1320,1,1320,,,,,,,,볶음형,1885.7,,,53.0,,https://nongshimmall.com/product/detail.html?product_no=2723
농심,튀김우동큰사발,111,1650,1,1650,,,,,,,큰컵,국물형,1486.5,,,67.3,,https://nongshimmall.com/product/detail.html?product_no=2731
농심,짜파게티큰사발,123,1650,1,1650,,,,,,,큰컵,볶음형,1341.5,,,74.5,,https://nongshimmall.com/product/detail.html?product_no=2725
농심,신라면큰사발,114,1650,1,1650,,,,,,,큰컵,국물형,1447.4,,,69.1,,https://nongshimmall.com/product/detail.html?product_no=2712
농심,새우탕컵,67,1430,1,1430,,,,,,,소컵,국물형,2134.3,,,46.9,,https://nongshimmall.com/product/detail.html?product_no=2698
농심,사리곰탕큰사발,111,1650,1,1650,,,,,,,큰컵,국물형,1486.5,,,67.3,,https://nongshimmall.com/product/detail.html?product_no=2695
삼양,큰컵 치즈불닭볶음면,105,46500,16,2906,430,1000,63,5,16,9,큰컵,볶음형,2767.9,409.5,952.4,36.1,3.1,https://www.samyangfoods.co.kr/goods/view?no=100084
삼양,컵 불닭볶음면,70,14820,12,1235,280,630,42,6,10,6,소컵,볶음형,1764.3,400.0,900.0,56.7,4.86,https://www.samyangfoods.co.kr/goods/view?no=100059
삼양,큰컵 간짬뽕,105,22000,16,1375,415,1000,59,8,16,9,큰컵,국물형,1309.5,395.2,952.4,76.4,6.55,https://www.samyangfoods.co.kr/goods/view?no=100051
삼양,큰컵 4가지치즈불닭볶음면,110,24000,16,1500,445,1550,67,6,15,10,큰컵,볶음형,1363.6,404.5,1409.1,73.3,6.67,https://www.samyangfoods.co.kr/goods/view?no=100050
삼양,큰컵 맵탱 흑후추소고기라면,110,23000,16,1438,485,1620,73,3,18,8,큰컵,국물형,1306.8,440.9,1472.7,76.5,5.57,https://www.samyangfoods.co.kr/goods/view?no=100047
삼양,큰컵 짜짜로니,115,18500,16,1156,455,1030,72,6,12,12,큰컵,,1005.4,395.7,895.7,99.5,10.38,https://www.samyangfoods.co.kr/goods/view?no=100041
삼양,큰컵 불닭볶음면,105,22400,16,1400,,,,,,,큰컵,볶음형,1333.3,,,75.0,,https://www.samyangfoods.co.kr/goods/view?no=100014
삼양,큰컵 까르보불닭볶음면,105,23800,16,1488,,,,,,,큰컵,볶음형,1416.7,,,70.6,,https://www.samyangfoods.co.kr/goods/view?no=100013
삼양,큰컵 삼양라면,110,19500,16,1219,,,,,,,큰컵,국물형,1108.0,,,90.3,,https://www.samyangfoods.co.kr/goods/view?no=100012
삼양,큰컵 나가사끼짬뽕,105,21900,16,1369,,,,,,,큰컵,국물형,1303.6,,,76.7,,https://www.samyangfoods.co.kr/goods/view?no=100010
팔도,아리 모던누들 간장버터 컵,,,1,,525,1110,80,11,19,9,소컵,,,,,,,https://www.paldofood.co.kr/product/noodle/195
팔도,아리 모던누들 후추라볶이 컵,,,1,,535,1410,87,21,17,9,소컵,볶음형,,,,,,https://www.paldofood.co.kr/product/noodle/192
팔도,남자라면컵,,,1,,440,1840,67,4,15,9,소컵,국물형,,,,,,https://www.paldofood.co.kr/product/noodle/175
팔도,아리 모던누들 김볶음면 오리지널 컵,,,1,,535,1500,76,10,21,11,소컵,볶음형,,,,,,https://www.paldofood.co.kr/product/noodle/193
팔도,김치 왕뚜껑,,,1,,495,1790,72,3,19,9,큰컵,국물형,,,,,,https://www.paldofood.co.kr/product/noodle/42
팔도,갓뚜껑 김치찌개,,,1,,520,1790,73,3,22,8,큰컵,국물형,,,,,,https://www.paldofood.co.kr/product/noodle/98
팔도,팔도 틈새라면 고기짬뽕 컵,,,1,,450,1630,69,5,15,10,소컵,국물형,,,,,,https://www.paldofood.co.kr/product/noodle/96
팔도,볼케이노 까르보나라 왕컵,,,1,,450,1060,71,7,15,8,큰컵,볶음형,,,,,,https://www.paldofood.co.kr/product/noodle/166
오뚜기,참깨라면 용기 110G,110,1580,1,1580,,,,,,,큰컵,국물형,1436.4,,,69.6,,https://www.otokimall.com/front/product/543
오뚜기,진라면 매운맛 용기 110G,110,1380,1,1380,,,,,,,큰컵,국물형,1254.5,,,79.7,,https://www.otokimall.com/front/product/546
오뚜기,육개장 컵 104G,104,1080,1,1080,,,,,,,소컵,국물형,1038.5,,,96.3,,https://www.otokimall.com/front/product/593
오뚜기,진라면 매운맛 컵 65G,65,1080,1,1080,,,,,,,소컵,국물형,1661.5,,,60.2,,https://www.otokimall.com/front/product/576
오뚜기,진라면 순한맛 용기 110G,110,1380,1,1380,,,,,,,큰컵,국물형,1254.5,,,79.7,,https://www.otokimall.com/front/product/545
오뚜기,참깨라면 컵 65G,65,1280,1,1280,,,,,,,소컵,국물형,1969.2,,,50.8,,https://www.otokimall.com/front/product/574
오뚜기,진짬뽕 용기 115G,115,2180,1,2180,,,,,,,큰컵,국물형,1895.7,,,52.8,,https://www.otokimall.com/front/product/550
오뚜기,크림진짬뽕 용기 105G,105,2180,1,2180,,,,,,,큰컵,국물형,2076.2,,,48.2,,https://www.otokimall.com/front/product/564
오뚜기,마열라면 용기 105G,105,1580,1,1580,,,,,,,큰컵,국물형,1504.8,,,66.5,,https://www.otokimall.com/front/product/2476
오뚜기,진비빔면 용기 134G,134,1780,1,1780,,,,,,,큰컵,볶음형,1328.4,,,75.3,,https://www.otokimall.com/front/product/3166
